MnHue;MnChr;MnLum;CVhue;CVChr;CVLum;CDiv;Tdiv;Cmplx;PxUD;PxLR;asptr;k;norm_TDiv;norm_CDiv
0.2798;0.0452;1188.1593;0.1992;0.1884;1.7272;2.7263;3.584;0.3286;6.29;5.91;1.0648;23;0.0155;0.1239
;;;;;;;;;;;;;;
;;;;;;;;;;;;;;
;;;;;;;;;;;;;;
;;;;;;;;;;;;;;
Meaning of columns;;;;;;;;;;;;;;
MnHue,mean Hue angle (0 to 1=360degrees) weighted by patch relative area ignoring low chroma;;;;;;;;;;;;;;
MnChr,mean Chroma, weighted by patch relative areas;;;;;;;;;;;;;;
MnLum,mean Luminance, weighted by patch relative areas;;;;;;;;;;;;;;
CVhue,CV (coefficient of variation) of Hue angle, weighted as above;;;;;;;;;;;;;;
CVChr,CV of Chroma;;;;;;;;;;;;;;
CVLum,CV of luminance;;;;;;;;;;;;;;
CDiv,colour diversity;;;;;;;;;;;;;;
Tdiv,transition diversity (diversity of off diagonals);;;;;;;;;;;;;;
Cmplx,transitions/sample (animal) a measure of pattern complexity;;;;;;;;;;;;;;
PxUD,distance between transitions (pixels) up and down (vertical axis);;;;;;;;;;;;;;
PxLR,distance between transitions left and right (horizontal axis);;;;;;;;;;;;;;
asptr,transition aspect ratio (larger if longer in vertical axis);;;;;;;;;;;;;;
