MnHue;MnChr;MnLum;CVhue;CVChr;CVLum;CDiv;Tdiv;Cmplx;PxUD;PxLR;asptr;k;norm_TDiv;norm_CDiv
0.1747;0.1252;1049.1385;0.4083;0.7328;1.7173;13.478;69.7039;0.4171;4.89;4.75;1.0294;81;0.0221;0.1685
;;;;;;;;;;;;;;
;;;;;;;;;;;;;;
;;;;;;;;;;;;;;
;;;;;;;;;;;;;;
Meaning of columns;;;;;;;;;;;;;;
MnHue,mean Hue angle (0 to 1=360degrees) weighted by patch relative area ignoring low chroma;;;;;;;;;;;;;;
MnChr,mean Chroma, weighted by patch relative areas;;;;;;;;;;;;;;
MnLum,mean Luminance, weighted by patch relative areas;;;;;;;;;;;;;;
CVhue,CV (coefficient of variation) of Hue angle, weighted as above;;;;;;;;;;;;;;
CVChr,CV of Chroma;;;;;;;;;;;;;;
CVLum,CV of luminance;;;;;;;;;;;;;;
CDiv,colour diversity;;;;;;;;;;;;;;
Tdiv,transition diversity (diversity of off diagonals);;;;;;;;;;;;;;
Cmplx,transitions/sample (animal) a measure of pattern complexity;;;;;;;;;;;;;;
PxUD,distance between transitions (pixels) up and down (vertical axis);;;;;;;;;;;;;;
PxLR,distance between transitions left and right (horizontal axis);;;;;;;;;;;;;;
asptr,transition aspect ratio (larger if longer in vertical axis);;;;;;;;;;;;;;
