MnHue,MnChr,MnLum,CVhue,CVChr,CVLum,CDiv,Tdiv,Cmplx,PxUD,PxLR,asptr,k,norm_TDiv,norm_CDiv
0.2328,0.0626,1637.7243,0.3280,0.8295,1.4497,4.9262,10.8594,0.2099,  9.86,  9.29,1.0616,47.000000,0.0105,0.1071




Meaning of columns
MnHue,mean Hue angle (0 to 1=360degrees) weighted by patch relative area ignoring low chroma
MnChr,mean Chroma, weighted by patch relative areas
MnLum,mean Luminance, weighted by patch relative areas
CVhue,CV (coefficient of variation) of Hue angle, weighted as above
CVChr,CV of Chroma
CVLum,CV of luminance
CDiv,colour diversity
Tdiv,transition diversity (diversity of off diagonals)
Cmplx,transitions/sample (animal) a measure of pattern complexity
PxUD,distance between transitions (pixels) up and down (vertical axis)
PxLR,distance between transitions left and right (horizontal axis)
asptr,transition aspect ratio (larger if longer in vertical axis)
